{
  "correlation": -0.08609287210412403,
  "p_value": 5.341727372198266e-10,
  "n_pairs": 5184,
  "model": "gpt2",
  "by_distance": {
    "3": 0.07684835854141717,
    "4": 0.05597002025849881,
    "5": 0.04212016442482252,
    "2": 0.10004305022007877,
    "1": 0.0625268157105893
  }
}