{
  "precision": 0.029645901147112165,
  "recall": 0.68,
  "f1": 0.03491733188988288,
  "questions": 100,
  "config": {
    "start": 0,
    "limit": 100
  }
}