{
  "precision": 0.010597216542061258,
  "recall": 0.78,
  "f1": 0.00785979245746204,
  "questions": 100,
  "config": {
    "start": 0,
    "limit": 100,
    "entity_limit": 20,
    "hop1_limit": 50,
    "hop2_limit": 100
  }
}